https://doi.org/10.1016/j.robot.2024.104754,no_arxiv
https://doi.org/10.1007/s10846-022-01623-2,no_arxiv
https://doi.org/10.1007/s10846-019-01064-4,no_arxiv
https://doi.org/10.1007/s10846-019-01135-6,no_arxiv
https://doi.org/10.1007/s10846-020-01194-0,no_arxiv
https://doi.org/10.1109/LRA.2023.3330680,no_arxiv
https://doi.org/10.1016/j.robot.2024.104757,no_arxiv
https://doi.org/10.1007/s10846-022-01790-2,no_arxiv
https://doi.org/10.1109/LRA.2023.3264166,no_arxiv
https://doi.org/10.1007/s10846-020-01301-1,no_arxiv
https://doi.org/10.1109/IROS58592.2024.10802863,no_arxiv
https://doi.org/10.1109/LRA.2022.3230595,no_arxiv
https://doi.org/10.1016/j.robot.2022.104304,no_arxiv
https://doi.org/10.1109/ICRA48891.2023.10160378,no_arxiv
https://doi.org/10.1109/IROS55552.2023.10341645,no_arxiv
https://doi.org/10.1109/IROS47612.2022.9981818,no_arxiv
https://doi.org/10.1007/s10846-020-01304-y,no_arxiv
https://doi.org/10.1007/s10846-021-01321-5,no_arxiv
https://doi.org/10.1007/s10846-021-01397-z,no_arxiv
https://doi.org/10.1109/LRA.2021.3061004,http://arxiv.org/abs/2010.11932v1
https://doi.org/10.1109/ICRA48506.2021.9561099,no_arxiv
https://doi.org/10.1109/ICRA48506.2021.9561944,no_arxiv
https://doi.org/10.1109/IROS51168.2021.9636854,no_arxiv
https://doi.org/10.1007/s10846-019-01080-4,no_arxiv
https://doi.org/10.1007/s10846-019-01126-7,no_arxiv
https://doi.org/10.1016/j.robot.2020.103607,no_arxiv
https://doi.org/10.1109/ICRA40945.2020.9197084,no_arxiv
https://doi.org/10.1109/IROS45743.2020.9341417,no_arxiv
https://doi.org/10.1109/IROS45743.2020.9340724,no_arxiv
https://doi.org/10.1109/LRA.2022.3152719,no_arxiv
https://doi.org/10.1109/MRA.2022.3143409,no_arxiv
https://doi.org/10.1016/j.robot.2022.104179,no_arxiv
https://doi.org/10.1007/s10846-020-01298-7,no_arxiv
https://doi.org/10.1007/s10846-021-01375-5,no_arxiv
https://doi.org/10.1007/s10846-020-01148-6,no_arxiv
https://doi.org/10.1007/s10846-019-01107-w,no_arxiv
https://doi.org/10.1007/s10846-019-01118-7,no_arxiv
https://doi.org/10.1007/s10846-020-01208-x,no_arxiv
https://doi.org/10.1016/j.robot.2020.103620,no_arxiv
https://doi.org/10.1109/IROS45743.2020.9340642,no_arxiv
https://doi.org/10.1007/s10846-023-02039-2,no_arxiv
https://doi.org/10.1007/s10846-024-02065-8,no_arxiv
https://doi.org/10.1016/j.robot.2021.103839,no_arxiv
https://doi.org/10.1007/s10846-024-02112-4,no_arxiv
https://doi.org/10.1109/IROS55552.2023.10341528,no_arxiv
https://doi.org/10.1109/LRA.2022.3193240,no_arxiv
https://doi.org/10.1007/s10846-021-01459-2,no_arxiv
https://doi.org/10.1109/LRA.2022.3149572,http://arxiv.org/abs/2106.12709v3
https://doi.org/10.1007/s10514-023-10100-0,no_arxiv
https://doi.org/10.1007/s10846-022-01764-4,no_arxiv
https://doi.org/10.1007/s10846-019-01046-6,no_arxiv
https://doi.org/10.1007/s10846-023-02043-6,no_arxiv
https://doi.org/10.1109/IROS58592.2024.10801910,no_arxiv
https://doi.org/10.1109/IROS58592.2024.10802343,no_arxiv
https://doi.org/10.1109/LRA.2022.3190638,no_arxiv
https://doi.org/10.1109/ICRA48506.2021.9561412,no_arxiv
https://doi.org/10.1109/IROS51168.2021.9635928,http://arxiv.org/abs/2109.13734v1
https://doi.org/10.1007/s10846-024-02069-4,no_arxiv
https://doi.org/10.1007/s10846-022-01789-9,no_arxiv
https://doi.org/10.1007/s10846-022-01804-z,no_arxiv
https://doi.org/10.1007/s10846-021-01557-1,no_arxiv
https://doi.org/10.1007/s10846-021-01364-8,no_arxiv
https://doi.org/10.1007/s10846-021-01400-7,no_arxiv
https://doi.org/10.1007/s10846-019-01141-8,no_arxiv
https://doi.org/10.1007/s10846-024-02131-1,no_arxiv
https://doi.org/10.1109/LRA.2024.3518071,no_arxiv
https://doi.org/10.1109/IROS58592.2024.10801503,no_arxiv
https://doi.org/10.1007/s10846-022-01760-8,no_arxiv
https://doi.org/10.1109/ICRA40945.2020.9197577,no_arxiv
https://doi.org/10.1007/s10514-020-09954-5,no_arxiv
https://doi.org/10.1007/s10846-019-01136-5,no_arxiv
https://doi.org/10.1007/s10846-024-02206-z,no_arxiv
https://doi.org/10.1007/s10846-025-02231-6,no_arxiv
https://doi.org/10.1007/s10846-022-01791-1,no_arxiv
https://doi.org/10.1007/s10846-023-01837-y,no_arxiv
https://doi.org/10.1109/IROS55552.2023.10341826,http://arxiv.org/abs/2303.03037v2
https://doi.org/10.1007/s10846-021-01568-y,http://arxiv.org/abs/2112.13724v1
https://doi.org/10.1007/s10846-021-01567-z,http://arxiv.org/abs/2112.13819v1
https://doi.org/10.1007/s10846-022-01591-7,no_arxiv
https://doi.org/10.1109/LRA.2022.3154482,no_arxiv
https://doi.org/10.1109/IROS47612.2022.9982161,no_arxiv
https://doi.org/10.1007/s10846-021-01324-2,no_arxiv
https://doi.org/10.1007/s10846-021-01334-0,no_arxiv
https://doi.org/10.1007/s10846-021-01361-x,no_arxiv
https://doi.org/10.1007/s10846-021-01460-9,no_arxiv
https://doi.org/10.1109/ICRA48506.2021.9561188,no_arxiv
https://doi.org/10.1007/s10846-019-01124-9,no_arxiv
https://doi.org/10.1109/LRA.2020.3013852,no_arxiv
https://doi.org/10.1007/s10846-019-01090-2,no_arxiv
https://doi.org/10.1002/rob.22157,no_arxiv
https://doi.org/10.1007/s10846-023-02017-8,no_arxiv
https://doi.org/10.1007/s10846-021-01566-0,no_arxiv
https://doi.org/10.1109/LRA.2022.3154047,no_arxiv
https://doi.org/10.1109/LRA.2020.3039217,http://arxiv.org/abs/2010.03026v2
https://doi.org/10.1007/s10846-019-01076-0,no_arxiv
https://doi.org/10.1109/LRA.2019.2963823,http://arxiv.org/abs/1912.12726v1
https://doi.org/10.1109/LRA.2025.3546079,no_arxiv
https://doi.org/10.1007/s10846-024-02108-0,no_arxiv
https://doi.org/10.1109/LRA.2024.3433749,http://arxiv.org/abs/2412.02874v1
https://doi.org/10.1109/LRA.2024.3491417,no_arxiv
https://doi.org/10.1007/s10846-023-01879-2,no_arxiv
https://doi.org/10.1109/LRA.2022.3231831,http://arxiv.org/abs/2301.00255v2
https://doi.org/10.1109/LRA.2023.3238184,no_arxiv
https://doi.org/10.1109/LRA.2022.3190092,no_arxiv
https://doi.org/10.1007/s10846-021-01522-y,no_arxiv
https://doi.org/10.1016/j.robot.2021.103729,no_arxiv
https://doi.org/10.1109/ICRA48506.2021.9562057,no_arxiv
https://doi.org/10.1007/s10514-020-09913-0,no_arxiv
https://doi.org/10.1109/LRA.2020.2974393,no_arxiv
https://doi.org/10.1109/ICRA48891.2023.10161183,no_arxiv
https://doi.org/10.1109/IROS55552.2023.10342460,no_arxiv
https://doi.org/10.1016/j.robot.2021.103833,no_arxiv
https://doi.org/10.1016/j.robot.2023.104386,no_arxiv
https://doi.org/10.1109/ICRA57147.2024.10609993,no_arxiv
https://doi.org/10.1016/j.robot.2025.104917,no_arxiv
https://doi.org/10.1016/j.robot.2023.104382,no_arxiv
https://doi.org/10.1109/IROS45743.2020.9340795,no_arxiv
https://doi.org/10.1109/IROS45743.2020.9341274,no_arxiv
https://doi.org/10.1016/j.robot.2021.103981,no_arxiv
https://doi.org/10.1109/ICRA57147.2024.10610277,no_arxiv
